business_name,website
Kerala Exotic Supermarket / Kerala Supermarket,https://keralasupermarket.sk/
AVN Kerala s.r.o.,
AYAAN s.r.o.,
Darsana Ayurvedic Centre / Kerala s.r.o.,https://darsana.sk/
Big Bite Restaurant & Catering,
Kerala South Indian Cuisine,
Mr. Bharat Hlboka,
Bharat & Bakchus,https://bhaba.sk/
Dosa & Samosa,
Euro Middle East s.r.o.,
Swagatam Indian Restaurant,
Indian Curry Restaurant & Bar,
Little India Košice,https://www.littleindiakosice.sk/
Taj Mahal Indian Restaurant Košice,
Delhi Dhaba Restaurant Košice,
Punjabi Dhaba,https://punjabidhaba.sk/
Kerala / Darsana,https://darsana.sk/
EUROXIS s.r.o.,
Jamsheer Pengattiri - EUROMAXIS,
Kerala s.r.o.,https://darsana.sk/
